t_s,mem_util_pct,gpu_util_pct,phase
0.0025986990076489747,3,27,util_25
0.023801888004527427,3,27,util_25
0.046019176006666385,3,27,util_25
0.0678928650013404,3,27,util_25
0.08933395400526933,3,27,util_25
0.11023894300160464,3,27,util_25
0.13274823200481478,23,19,util_25
0.15357862100063358,23,19,util_25
0.17443341000762302,23,19,util_25
0.19519549900724087,23,19,util_25
0.2159512890066253,23,19,util_25
0.23668747799820267,23,19,util_25
0.2574855669954559,23,19,util_25
0.2786523560062051,23,19,util_25
0.29977274499833584,23,19,util_25
0.3216638339945348,23,19,util_25
0.3423865229997318,29,25,util_25
0.36343061200750526,29,25,util_25
0.3848200009961147,29,25,util_25
0.4059454910020577,29,25,util_25
0.4269341799954418,29,25,util_25
0.44773226900724694,29,25,util_25
0.4684570670069661,29,25,util_25
0.48924388700106647,29,25,util_25
0.5099845070071751,29,25,util_25
0.53069612600666,29,26,util_25
0.551489246005076,29,26,util_25
0.5729142670024885,29,26,util_25
0.5944908870005747,29,26,util_25
0.6153313069953583,29,26,util_25
0.6360419260017807,29,26,util_25
0.6576534470077604,29,26,util_25
0.6792021669971291,29,26,util_25
0.7007590879948111,29,26,util_25
0.722327708004741,29,26,util_25
0.74406532899593,30,26,util_25
0.7651613490015734,30,26,util_25
0.7861981690075481,30,26,util_25
0.8069742890074849,30,26,util_25
0.827767009002855,30,26,util_25
0.8486212279967731,30,26,util_25
0.8694395479978994,30,26,util_25
0.8901411679980811,30,26,util_25
0.9109121880028397,30,26,util_25
0.9315538079972612,30,27,util_25
0.9522888280043844,30,27,util_25
0.9730347480071941,30,27,util_25
0.9938131679955404,30,27,util_25
1.0145770880044438,30,27,util_25
1.0353127080015838,30,27,util_25
1.056841027995688,30,27,util_25
1.0782797489955556,30,27,util_25
1.0990936690068338,30,27,util_25
1.1205766899947776,30,27,util_25
1.1413364100008039,30,28,util_25
1.1622118300001603,30,28,util_25
1.1832343499991111,30,28,util_25
1.204387570003746,30,28,util_25
1.225440691006952,30,28,util_25
1.2465612109954236,30,28,util_25
1.2673517310031457,30,28,util_25
1.2882631510001374,30,28,util_25
1.3091830710036447,30,28,util_25
1.3300395910046063,30,30,util_25
1.3507416110078339,30,30,util_25
1.371513831007178,30,30,util_25
1.3923923510010354,30,30,util_25
1.4133588719996624,30,30,util_25
1.4341453920060303,30,30,util_25
1.454941311996663,30,30,util_25
1.475756031999481,30,30,util_25
1.4964532519952627,30,30,util_25
1.5174438719986938,30,30,util_25
1.5380879919975996,30,28,util_25
1.5587713120039552,30,28,util_25
1.5794140310026705,30,28,util_25
1.6000975509959972,30,28,util_25
1.6211222720012302,30,28,util_25
1.6418887920008274,30,28,util_25
1.662901311996393,30,28,util_25
1.684231296996586,30,28,util_25
1.705282573995646,30,28,util_25
1.729908813998918,30,26,util_25
1.7514924860006431,30,26,util_25
1.7730800580029609,30,26,util_25
1.7945770299993455,30,26,util_25
1.8158006059966283,30,26,util_25
1.8366741850040853,30,26,util_25
1.8576222639967455,30,26,util_25
1.8783474450028734,30,26,util_25
1.899197124002967,30,26,util_25
1.920974994005519,30,26,util_25
1.9416596759983804,30,26,util_25
1.962392057001125,30,26,util_25
1.9833783350040903,30,26,util_25
2.004380714002764,30,26,util_25
2.0254426909959875,30,26,util_25
2.046543268006644,30,26,util_25
2.0673165490006795,30,26,util_25
2.088168129004771,30,26,util_25
2.1096518020058284,30,26,util_25
2.1313507730083074,28,26,util_25
2.1521720529999584,28,26,util_25
2.1728478349978104,28,26,util_25
2.193695114008733,28,26,util_25
2.2144302950036945,28,26,util_25
2.2350656780035933,28,26,util_25
2.255697059998056,28,26,util_25
2.2764252409979235,28,26,util_25
2.297347119994811,28,26,util_25
2.318116701004328,28,26,util_25
2.338769082998624,29,25,util_25
2.359655862004729,29,25,util_25
2.3804968420008663,29,25,util_25
2.401352921995567,29,25,util_25
2.422265900997445,29,25,util_25
2.4434442769997986,29,25,util_25
2.464800251997076,29,25,util_25
2.4867090199986706,29,25,util_25
2.5085564900073223,29,25,util_25
2.5296404670079937,29,25,util_25
2.550532146007754,29,25,util_25
2.5713785260013537,29,25,util_25
2.5921195069968235,29,25,util_25
2.612974186995416,29,25,util_25
2.633903566005756,29,25,util_25
2.654773946007481,29,25,util_25
2.6756514250009786,29,25,util_25
2.6965049050049856,29,25,util_25
2.717387384007452,29,25,util_25
2.7382891640008893,30,25,util_25
2.759052444002009,30,25,util_25
2.7798902240028838,30,25,util_25
2.8007570040063,30,25,util_25
2.8216367840068415,30,25,util_25
2.8428344599960838,30,25,util_25
2.8640574360033497,30,25,util_25
2.885117312995135,30,25,util_25
2.9063686890003737,30,25,util_25
2.9271623700042255,30,26,util_25
2.9478765509993536,30,26,util_25
2.9685831329989014,30,26,util_25
2.9893884129996877,30,26,util_25
3.010062294997624,30,26,util_25
3.0308135759987636,30,26,util_25
3.051616657001432,30,26,util_25
3.072379037999781,30,26,util_25
3.093102319005993,30,26,util_25
3.1139418999955524,30,26,util_25
3.1346563810075168,30,26,util_25
3.1555005609989166,30,26,util_25
3.1763026420085225,30,26,util_25
3.1970807229954517,30,26,util_25
3.2178706039994722,30,26,util_25
3.238591985005769,30,26,util_25
3.2593018670013407,30,26,util_25
3.280910739005776,30,26,util_25
3.3018919169990113,30,26,util_25
3.3229869950009743,30,26,util_25
3.344224671003758,30,26,util_25
3.365318248004769,30,26,util_25
3.3861833279952407,30,26,util_25
3.4070376080053393,30,26,util_25
3.4279005879943725,30,26,util_25
3.4496676590060815,30,26,util_25
3.4705433390045073,30,26,util_25
3.4921191110042855,30,26,util_25
3.5142865770030767,30,26,util_25
3.536011347998283,30,28,util_25
3.5578619180014357,30,28,util_25
3.578511500003515,30,28,util_25
3.599167082007625,30,28,util_25
3.620132060998003,30,28,util_25
3.6408979420084506,30,28,util_25
3.6617525220062817,30,28,util_25
3.682790599996224,30,28,util_25
3.7039581770077348,30,28,util_25
3.7294637080049142,30,26,util_25
3.7502682890044525,30,26,util_25
3.770997769999667,30,26,util_25
3.791937449001125,30,26,util_25
3.8126539310032967,30,26,util_25
3.8333217129984405,30,26,util_25
3.8547887860040646,30,26,util_25
3.875654465999105,30,26,util_25
3.896380047997809,30,26,util_25
3.917040829997859,30,26,util_25
3.937780811000266,30,27,util_25
3.9585198929999024,30,27,util_25
3.9791540760052158,30,27,util_25
3.9999345569958678,30,27,util_25
4.020665037998697,30,27,util_25
4.041358119997312,30,27,util_25
4.062421698006801,30,27,util_25
4.083566076005809,30,27,util_25
4.104611753995414,30,27,util_25
4.129169983003521,29,25,util_25
4.149982397997519,29,25,util_25
4.1708935130009195,29,25,util_25
4.191803727997467,29,25,util_25
4.212638242999674,29,25,util_25
4.233454757995787,29,25,util_25
4.254275772997062,29,25,util_25
4.275064487999771,29,25,util_25
4.2958529030001955,29,25,util_25
4.316750218000379,29,25,util_25
4.337606533008511,29,25,util_25
4.358320048006135,29,25,util_25
4.380001262994483,29,25,util_25
4.400897177998559,29,25,util_25
4.421732193004573,29,25,util_25
4.442934008999146,29,25,util_25
4.46412932399835,29,25,util_25
4.4852972390071955,29,25,util_25
4.506130153997219,29,25,util_25
4.529345271002967,29,24,util_25
4.550174086005427,29,24,util_25
4.571008101003827,29,24,util_25
4.591897115999018,29,24,util_25
4.612779230999877,29,24,util_25
4.633589346005465,29,24,util_25
4.654383661007159,29,24,util_25
4.676479777001077,29,24,util_25
4.698118592001265,29,24,util_25
4.719170707001467,29,24,util_25
4.739987021996058,29,27,util_25
4.760838936999789,29,27,util_25
4.781618552005966,29,27,util_25
4.802677867002785,29,27,util_25
4.823760283004958,29,27,util_25
4.844892798006185,29,27,util_25
4.865913713001646,29,27,util_25
4.88675982800487,29,27,util_25
4.9075934430002235,29,27,util_25
4.928977959003532,30,26,util_25
4.949712874004035,30,26,util_25
4.970778889008216,30,26,util_25
4.991514505003579,30,26,util_25
5.012176019998151,30,26,util_25
5.032870834998903,30,26,util_25
5.053637450007955,30,26,util_25
5.075215566001134,30,26,util_25
5.097007981996285,30,26,util_25
5.117761397006689,30,26,util_25
5.138552111995523,30,25,util_25
5.159427927996148,30,25,util_25
5.180249743003515,30,25,util_25
5.2010075580037665,30,25,util_25
5.222866673997487,30,25,util_25
5.244873989999178,30,25,util_25
5.266543906007428,30,25,util_25
5.288101522004581,30,25,util_25
5.30918533699878,30,25,util_25
5.329999352004961,30,26,util_25
5.351600467998651,30,26,util_25
5.372929784003645,30,26,util_25
5.393918499001302,30,26,util_25
5.414676414002315,30,26,util_25
5.435390030004783,30,26,util_25
5.456162244998268,30,26,util_25
5.476928260002751,30,26,util_25
5.497760675003519,30,26,util_25
5.518476690995158,30,26,util_25
5.53932710600202,30,26,util_25
5.560183820998645,30,26,util_25
5.580996935997973,30,26,util_25
5.602134351996938,30,26,util_25
5.623112266999669,30,26,util_25
5.644063982996158,30,26,util_25
5.664951797996764,30,26,util_25
5.685668413003441,30,26,util_25
5.706564627995249,30,26,util_25
5.727360844000941,30,27,util_25
5.748128859006101,30,27,util_25
5.768876273999922,30,27,util_25
5.789623788994504,30,27,util_25
5.811157304997323,30,27,util_25
5.832027120006387,30,27,util_25
5.85272943500604,30,27,util_25
5.8735527509998064,30,27,util_25
5.89435596599651,30,27,util_25
5.915091781003866,30,27,util_25
5.936797197005944,30,29,util_25
5.95856311400712,30,29,util_25
5.979364129001624,30,29,util_25
6.0000623450032435,30,29,util_25
6.020843060003244,30,29,util_25
6.0421066760027315,30,29,util_25
6.063433792005526,30,29,util_25
6.084805507998681,30,29,util_25
6.105699022999033,30,29,util_25
6.131262341994443,42,38,util_25
6.1520899580064,42,38,util_25
6.172946873004548,42,38,util_25
6.19460068999615,42,38,util_25
6.215695405000588,42,38,util_25
6.236619021001388,42,38,util_25
6.257493736004108,42,38,util_25
6.278319552002358,42,38,util_25
6.299272767995717,42,38,util_25
6.320122682998772,42,38,util_25
6.340773199000978,56,50,util_25
6.3619525139947655,56,50,util_25
6.383148930006428,56,50,util_25
6.405049845998292,56,50,util_25
6.427059363006265,56,50,util_25
6.448763078995398,56,50,util_25
6.469678994995775,56,50,util_25
6.490591509995284,56,50,util_25
6.511422626004787,56,50,util_25
6.532122240998433,31,28,util_25
6.552905856995494,31,28,util_25
6.573812072005239,31,28,util_25
6.594526688000769,31,28,util_25
6.615255903001525,31,28,util_25
6.637880120004411,31,28,util_25
6.659665136001422,31,28,util_25
6.680498151996289,31,28,util_25
6.701626067006146,31,28,util_25
6.725901386002079,28,24,util_25
6.746725801000139,28,24,util_25
6.767485417003627,28,24,util_25
6.789383433002513,28,24,util_25
6.810257648001425,28,24,util_25
6.831144864001544,28,24,util_25
6.851950480006053,28,24,util_25
6.87280949500564,28,24,util_25
6.893643011004315,28,24,util_25
6.914486726003815,28,24,util_25
6.935221442006878,30,26,util_25
6.956036058007157,30,26,util_25
6.976823174001765,30,26,util_25
6.997463488994981,30,26,util_25
7.018225905005238,30,26,util_25
7.038978620999842,30,26,util_25
7.05982353699801,30,26,util_25
7.08065975199861,30,26,util_25
7.101824568002485,30,26,util_25
7.125443286000518,30,26,util_25
7.147241102997214,30,26,util_25
7.16888191900216,30,26,util_25
7.190699336002581,30,26,util_25
7.212478151996038,30,26,util_25
7.233921569000813,30,26,util_25
7.254769084000145,30,26,util_25
7.275572800004738,30,26,util_25
7.2963132160075475,30,26,util_25
7.317731032002484,30,26,util_25
7.338408348005032,30,25,util_25
7.359153962999699,30,25,util_25
7.379984779006918,30,25,util_25
7.400732695008628,30,25,util_25
7.421783110999968,30,25,util_25
7.442960927000968,30,25,util_25
7.464041943007032,30,25,util_25
7.4858143589954125,30,25,util_25
7.507557175995316,30,25,util_25
7.529246692007291,30,27,util_25
7.550837008995586,30,27,util_25
7.571720724998158,30,27,util_25
7.592528640001547,30,27,util_25
7.613236356002744,30,27,util_25
7.634657472008257,30,27,util_25
7.65626238900586,30,27,util_25
7.676909504007199,30,27,util_25
7.697635420001461,30,27,util_25
7.718473436005297,30,27,util_25
7.739120751997689,30,26,util_25
7.759812667005463,30,26,util_25
7.780448382996838,30,26,util_25
7.801475098996889,30,26,util_25
7.822568814997794,30,26,util_25
7.843587830997421,30,26,util_25
7.864714046998415,30,26,util_25
7.8854840630083345,30,26,util_25
7.906333877996076,30,26,util_25
7.9271413940005,30,26,util_25
7.948005010999623,30,26,util_25
7.969687126998906,30,26,util_25
7.9912621440016665,30,26,util_25
8.01188946000184,30,26,util_25
8.032534776008106,30,26,util_25
8.053239692002535,30,26,util_25
8.073999508007546,30,26,util_25
8.094722124005784,30,26,util_25
8.115542440005811,30,26,util_25
8.136287055996945,30,25,util_25
8.157134972003405,30,25,util_25
8.17789298799471,30,25,util_25
8.198762304004049,30,25,util_25
8.219608020008309,30,25,util_25
8.240437336004106,30,25,util_25
8.261595652002143,30,25,util_25
8.28282276900427,30,25,util_25
8.304007885002648,30,25,util_25
8.33109890599735,53,45,util_25
8.3518564219994,53,45,util_25
8.372696438003913,53,45,util_25
8.393505754007492,53,45,util_25
8.41429956999491,53,45,util_25
8.435075086003053,53,45,util_25
8.455925501999445,53,45,util_25
8.476659817999462,53,45,util_25
8.497483234008541,53,45,util_25
8.518390750003164,53,45,util_25
8.53911986600724,31,28,util_25
8.559865981995245,31,28,util_25
8.58089439800824,31,28,util_25
8.6021967150009,31,28,util_25
8.623044930995093,31,28,util_25
8.644820447996608,31,28,util_25
8.66572996400646,31,28,util_25
8.686509680002928,31,28,util_25
8.707344996000757,31,28,util_25
8.728100912005175,29,24,util_25
8.74888262800232,29,24,util_25
8.770254743998521,29,24,util_25
8.791051760999835,29,24,util_25
8.811821577008232,29,24,util_25
8.83259009300673,29,24,util_25
8.85336180900049,29,24,util_25
8.874198125005933,29,24,util_25
8.894996140996227,29,24,util_25
8.915682556995307,29,24,util_25
8.9364276730048,29,25,util_25
8.957128388996352,29,25,util_25
8.97795890600537,29,25,util_25
8.99862092200783,29,25,util_25
9.01931093800522,29,25,util_25
9.040063153996016,29,25,util_25
9.061043770998367,29,25,util_25
9.082267987003434,29,25,util_25
9.10327280400088,29,25,util_25
9.124906120996457,30,26,util_25
9.145714537007734,30,26,util_25
9.16652515300666,30,26,util_25
9.187349269996048,30,26,util_25
9.20810258599522,30,26,util_25
9.229656302995863,30,26,util_25
9.250953520007897,30,26,util_25
9.271706436004024,30,26,util_25
9.292439651995664,30,26,util_25
9.31321316800313,30,26,util_25
9.334020484995563,30,26,util_25
9.355506602005335,30,26,util_25
9.376637117995415,30,26,util_25
9.397601035001571,30,26,util_25
9.418530751005164,30,26,util_25
9.439413166997838,30,26,util_25
9.460262484004488,30,26,util_25
9.481564100002288,30,26,util_25
9.50271231700026,30,26,util_25
9.524687134005944,30,26,util_25
9.545501650005463,30,26,util_25
9.567244767997181,30,26,util_25
9.588146384005086,30,26,util_25
9.609018700008164,30,26,util_25
9.629875016995356,30,26,util_25
9.650700932994368,30,26,util_25
9.671548648999305,30,26,util_25
9.692399466002826,30,26,util_25
9.713179778002086,30,26,util_25
9.73392469000828,30,26,util_25
9.754669902002206,30,26,util_25
9.775315713995951,30,26,util_25
9.795978326001205,30,26,util_25
9.816777337997337,30,26,util_25
9.83737844999996,30,26,util_25
9.8581845620065,30,26,util_25
9.878934374006349,30,26,util_25
9.899686885997653,30,26,util_25
9.920732098995359,30,26,util_25
9.941927410996868,30,26,util_25
9.963069624005584,30,26,util_25
9.984549536005943,30,26,util_25
10.006163048994495,30,26,util_25
10.026877160998993,30,26,gap
10.04758967399539,30,26,gap
10.068288986003608,30,26,gap
10.089050898008281,30,26,gap
10.109745609996025,30,26,gap
10.13063432299532,12,12,gap
10.151442135000252,12,12,gap
10.172211547003826,12,12,gap
10.19303055999626,12,12,gap
10.213728771996102,12,12,gap
10.234473384000012,12,12,gap
10.255212396994466,12,12,gap
10.2766815089999,12,12,gap
10.297513822006295,12,12,gap
10.318519234002451,12,12,gap
10.339393247006228,0,1,gap
10.360411058994941,0,1,gap
10.381473171000835,0,1,gap
10.40266518399585,0,1,gap
10.423649496005964,0,1,gap
10.444508909000433,0,1,gap
10.465610721003031,0,1,gap
10.486509034002665,0,1,gap
10.507343546007178,0,1,gap
10.530762359994696,5,7,util_50
10.551506372008589,5,7,util_50
10.572268183997949,5,7,util_50
10.593194297005539,5,7,util_50
10.614143608996528,5,7,util_50
10.635563721996732,5,7,util_50
10.656986134999897,5,7,util_50
10.677870047002216,5,7,util_50
10.698691059005796,5,7,util_50
10.719521872000769,5,7,util_50
10.740672583997366,98,83,util_50
10.76214149700536,98,83,util_50
10.783296709007118,98,83,util_50
10.804678821994457,98,83,util_50
10.825609635008732,98,83,util_50
10.846588147003786,98,83,util_50
10.867599659002735,98,83,util_50
10.888328072003787,98,83,util_50
10.909633984003449,98,83,util_50
10.93065139700775,56,48,util_50
10.951555709994864,56,48,util_50
10.97230012199725,56,48,util_50
10.993059935004567,56,48,util_50
11.01508264799486,56,48,util_50
11.035774960997514,56,48,util_50
11.056446773000062,56,48,util_50
11.077158686006442,56,48,util_50
11.09788699800265,56,48,util_50
11.118660911000916,56,48,util_50
11.139396123006009,52,47,util_50
11.160440135994577,52,47,util_50
11.182225049007684,52,47,util_50
11.203289861994563,52,47,util_50
11.224017875007121,52,47,util_50
11.244885687003261,52,47,util_50
11.265679699994507,52,47,util_50
11.286496112006716,52,47,util_50
11.307437925002887,52,47,util_50
11.342054046006524,51,45,util_50
11.363158659005421,51,45,util_50
11.384394271997735,51,45,util_50
11.405600683996454,51,45,util_50
11.42647689700243,51,45,util_50
11.44732001000375,51,45,util_50
11.468566023002495,51,45,util_50
11.489297335006995,51,45,util_50
11.510111048002727,51,45,util_50
11.530868560003,51,44,util_50
11.551641373007442,51,44,util_50
11.572535686005722,51,44,util_50
11.593295198006672,51,44,util_50
11.614446410996607,51,44,util_50
11.635242322998238,51,44,util_50
11.65592773600656,51,44,util_50
11.676573347998783,51,44,util_50
11.697306361005758,51,44,util_50
11.718144974001916,51,44,util_50
11.738889586005826,52,44,util_50
11.759758498999872,52,44,util_50
11.780795412007137,52,44,util_50
11.801695724003366,52,44,util_50
11.822602436994202,52,44,util_50
11.843419348995667,52,44,util_50
11.864104362000944,52,44,util_50
11.885170274996199,52,44,util_50
11.905973087006714,52,44,util_50
11.927530201006448,52,43,util_50
11.9489622139954,52,43,util_50
11.969631426996784,52,43,util_50
11.990354738998576,52,43,util_50
12.01114325200615,52,43,util_50
12.031807264997042,52,43,util_50
12.052501377998851,52,43,util_50
12.073206490997109,52,43,util_50
12.093934503005585,52,43,util_50
12.114728915999876,52,43,util_50
12.13545372900262,52,45,util_50
12.156257142007235,52,45,util_50
12.177015355002368,52,45,util_50
12.197783968003932,52,45,util_50
12.218412479996914,52,45,util_50
12.240029994005454,52,45,util_50
12.261538307007868,52,45,util_50
12.282381220007665,52,45,util_50
12.303246933006449,52,45,util_50
12.323942946008174,52,43,util_50
12.344764658002532,52,43,util_50
12.365828071007854,52,43,util_50
12.387202184996568,52,43,util_50
12.40806029799569,52,43,util_50
12.428894609998679,52,43,util_50
12.449693622998893,52,43,util_50
12.47052473599615,52,43,util_50
12.491370449002716,52,43,util_50
12.51225476199761,52,43,util_50
12.534052275004797,52,44,util_50
12.554890087994863,52,44,util_50
12.576641402003588,52,44,util_50
12.597836615008418,52,44,util_50
12.618723827996291,52,44,util_50
12.639752540999325,52,44,util_50
12.66091475400026,52,44,util_50
12.681848766995245,52,44,util_50
12.702941480005393,52,44,util_50
12.723897992997081,52,46,util_50
12.744780206005089,52,46,util_50
12.765724618002423,52,46,util_50
12.786582230997737,52,46,util_50
12.807428643995081,52,46,util_50
12.828129557005013,52,46,util_50
12.849010070000077,52,46,util_50
12.869860082995729,52,46,util_50
12.890541095999652,52,46,util_50
12.911390609006048,52,46,util_50
12.933144321999862,51,44,util_50
12.954589836008381,51,44,util_50
12.975816249003401,51,44,util_50
12.99685576200136,51,44,util_50
13.017856475998997,51,44,util_50
13.038732589004212,51,44,util_50
13.059838301996933,51,44,util_50
13.081024715997046,51,44,util_50
13.102059929005918,51,44,util_50
13.123757442008355,51,42,util_50
13.144523356007994,51,42,util_50
13.1651861690043,51,42,util_50
13.1860396819975,51,42,util_50
13.206857095006853,51,42,util_50
13.22765620800783,51,42,util_50
13.249010721003287,51,42,util_50
13.270011234999401,51,42,util_50
13.291099648005911,51,42,util_50
13.31197836100182,51,42,util_50
13.332762074001948,51,44,util_50
13.353578187001403,51,44,util_50
13.374222700003884,51,44,util_50
13.394912112999009,51,44,util_50
13.415607527000248,51,44,util_50
13.436279440007638,51,44,util_50
13.45701305300463,51,44,util_50
13.477885365995462,51,44,util_50
13.499373679005657,51,44,util_50
13.524333994995686,51,44,util_50
13.545187408002676,51,44,util_50
13.566268620998017,51,44,util_50
13.58710743499978,51,44,util_50
13.607904948003124,51,44,util_50
13.62874866099446,51,44,util_50
13.650022474001162,51,44,util_50
13.67086398700485,51,44,util_50
13.691759601002559,51,44,util_50
13.712494913997944,51,44,util_50
13.733776127002784,51,43,util_50
13.75450933999673,51,43,util_50
13.77529845299432,51,43,util_50
13.797049867003807,51,43,util_50
13.818573980999645,51,43,util_50
13.839600894003524,51,43,util_50
13.860639207006898,51,43,util_50
13.881580620000022,51,43,util_50
13.902566133998334,51,43,util_50
13.923470647001523,52,44,util_50
13.944258260002243,52,44,util_50
13.965016273999936,52,44,util_50
13.985773987005814,52,44,util_50
14.006622600005358,52,44,util_50
14.027382514002966,52,44,util_50
14.048031426995294,52,44,util_50
14.068707140002516,52,44,util_50
14.089460753995809,52,44,util_50
14.110261466994416,52,44,util_50
14.131038480001735,52,44,util_50
14.151848794004763,52,44,util_50
14.172567707006237,52,44,util_50
14.193302521001897,52,44,util_50
14.214030634000665,52,44,util_50
14.23470064700814,52,44,util_50
14.255423959999462,52,44,util_50
14.276156274005189,52,44,util_50
14.29695358700701,52,44,util_50
14.3178248010081,52,44,util_50
14.338819313998101,52,45,util_50
14.359824828003184,52,45,util_50
14.38100044100429,52,45,util_50
14.40200735500548,52,45,util_50
14.422818168008234,52,45,util_50
14.443568180999137,52,45,util_50
14.464433394998196,52,45,util_50
14.485210608007037,52,45,util_50
14.506054222001694,52,45,util_50
14.526749835000373,52,43,util_50
14.547552147996612,52,43,util_50
14.568263462002506,52,43,util_50
14.589160375006031,52,43,util_50
14.610777788999258,52,43,util_50
14.632335303002037,52,43,util_50
14.653624316997593,52,43,util_50
14.674470330006443,52,43,util_50
14.695253443002002,52,43,util_50
14.716094657007488,52,43,util_50
14.736910270003136,52,44,util_50
14.757730783996521,52,44,util_50
14.778631496999878,52,44,util_50
14.800255310998182,52,44,util_50
14.82142202500836,52,44,util_50
14.84234673800529,52,44,util_50
14.863112250997801,52,44,util_50
14.88384026499989,52,44,util_50
14.904655777994776,52,44,util_50
14.925441191997379,52,45,util_50
14.946320404997095,52,45,util_50
14.967647819008562,52,45,util_50
14.988487633003388,52,45,util_50
15.009308046996011,52,45,util_50
15.030098260001978,52,45,util_50
15.05075627399492,52,45,util_50
15.071513887000037,52,45,util_50
15.09231350099435,52,45,util_50
15.11325351499545,52,45,util_50
15.133954728007666,51,44,util_50
15.154758642005618,51,44,util_50
15.175550656000269,51,44,util_50
15.197271369994269,51,44,util_50
15.218736484006513,51,44,util_50
15.240434798004571,51,44,util_50
15.261919012002181,51,44,util_50
15.28287982600159,51,44,util_50
15.303749340004288,51,44,util_50
15.324574753001798,51,42,util_50
15.345321366999997,51,42,util_50
15.366691080998862,51,42,util_50
15.387531294996734,51,42,util_50
15.408440308005083,51,42,util_50
15.429242122001597,51,42,util_50
15.449955036005122,51,42,util_50
15.470786849007709,51,42,util_50
15.491701663006097,51,42,util_50
15.512556677000248,51,42,util_50
15.533388890005881,51,44,util_50
15.55503600499651,51,44,util_50
15.575869918000535,51,44,util_50
15.597503131997655,51,44,util_50
15.618984347005608,51,44,util_50
15.640474961008294,51,44,util_50
15.661539574008202,51,44,util_50
15.683213088996126,51,44,util_50
15.704030602006242,51,44,util_50
15.72480011600419,51,43,util_50
15.745640130000538,51,43,util_50
15.766815743001644,51,43,util_50
15.787599856994348,51,43,util_50
15.808526271008304,51,43,util_50
15.829285984000308,51,43,util_50
15.850201998007833,51,43,util_50
15.871099112002412,51,43,util_50
15.891883824995602,51,43,util_50
15.91285643899755,51,43,util_50
15.933549552995828,51,45,util_50
15.954252067007474,51,45,util_50
15.9749755810044,51,45,util_50
15.995903194998391,51,45,util_50
16.01776960999996,51,45,util_50
16.03935602400452,51,45,util_50
16.060448538002674,51,45,util_50
16.081430752004962,51,45,util_50
16.102337265998358,51,45,util_50
16.12302548000298,52,46,util_50
16.143817593998392,52,46,util_50
16.16460190800717,52,46,util_50
16.18592142200214,52,46,util_50
16.207756536998204,52,46,util_50
16.229186551005114,52,46,util_50
16.250428365005064,52,46,util_50
16.271256078995066,52,46,util_50
16.29204229300376,52,46,util_50
16.313052407000214,52,46,util_50
16.333767920994433,52,46,util_50
16.354559034996782,52,46,util_50
16.375396149000153,52,46,util_50
16.396285063005053,52,46,util_50
16.417129376000958,52,46,util_50
16.437911490007536,52,46,util_50
16.458958104005433,52,46,util_50
16.48014641899499,52,46,util_50
16.501164033004898,52,46,util_50
16.522596347000217,52,46,util_50
16.54344566099462,52,46,util_50
16.564129574995604,52,46,util_50
16.584894689003704,52,46,util_50
16.60569140300504,52,46,util_50
16.626578915995196,52,46,util_50
16.647345429999405,52,46,util_50
16.668869344997802,52,46,util_50
16.689652458997443,52,46,util_50
16.710457573004533,52,46,util_50
16.73119898600271,52,44,util_50
16.752069299996947,52,44,util_50
16.772886014005053,52,44,util_50
16.793821928004036,52,44,util_50
16.814598842000123,52,44,util_50
16.836136957004783,52,44,util_50
16.85749207099434,52,44,util_50
16.878711885001394,52,44,util_50
16.90033149899682,52,44,util_50
16.922570114998962,52,44,util_50
16.943523929003277,52,44,util_50
16.9643337430025,52,44,util_50
16.9852385569975,52,44,util_50
17.006034171005012,52,44,util_50
17.026811186005943,52,44,util_50
17.04757530000643,52,44,util_50
17.068315213997266,52,44,util_50
17.089008327995543,52,44,util_50
17.10984664200805,52,44,util_50
17.13058295600058,52,45,util_50
17.15127176999522,52,45,util_50
17.17205918500258,52,45,util_50
17.192814299007296,52,45,util_50
17.213575212997966,52,45,util_50
17.23432342700835,52,45,util_50
17.255086240998935,52,45,util_50
17.275817454996286,52,45,util_50
17.296577269007685,52,45,util_50
17.317255183006637,52,45,util_50
17.33833189800498,51,42,util_50
17.359554012000444,51,42,util_50
17.381891227007145,51,42,util_50
17.403306641994277,51,42,util_50
17.424194556006114,51,42,util_50
17.445062169994344,51,42,util_50
17.466136385002756,51,42,util_50
17.486990299003082,51,42,util_50
17.507785313006025,51,42,util_50
17.52893562799727,51,44,util_50
17.54966654200689,51,44,util_50
17.57053275599901,51,44,util_50
17.591279069994926,51,44,util_50
17.612410984002054,51,44,util_50
17.633179298994946,51,44,util_50
17.65385641300236,51,44,util_50
17.674620727004367,51,44,util_50
17.695288240996888,51,44,util_50
17.716117351999856,51,44,util_50
17.737492461004877,51,44,util_50
17.75867427000776,51,44,util_50
17.77995167899644,51,44,util_50
17.801123088007444,51,44,util_50
17.822209196994663,51,44,util_50
17.843025406007655,51,44,util_50
17.86387561399897,51,44,util_50
17.884652723005274,51,44,util_50
17.90546113200253,51,44,util_50
17.926247441006126,51,43,util_50
17.947020649997285,51,43,util_50
17.967706559007638,51,43,util_50
17.98838136800623,51,43,util_50
18.009025877006934,51,43,util_50
18.029771186003927,51,43,util_50
18.050648094998905,51,43,util_50
18.07134170399513,51,43,util_50
18.091967012995156,51,43,util_50
18.11272422199545,51,43,util_50
18.133489831001498,52,43,util_50
18.1542431400012,52,43,util_50
18.175579449001816,52,43,util_50
18.196709858006216,52,43,util_50
18.217521466998733,52,43,util_50
18.238619376003044,52,43,util_50
18.259811185998842,52,43,util_50
18.280842695006868,52,43,util_50
18.301664104001247,52,43,util_50
18.32237451299443,52,44,util_50
18.34324492199812,52,44,util_50
18.363912931003142,52,44,util_50
18.384661839998444,52,44,util_50
18.405487848998746,52,44,util_50
18.42627695799456,52,44,util_50
18.447111967005185,52,44,util_50
18.46791087600286,52,44,util_50
18.48872608500824,52,44,util_50
18.50956039399898,52,44,util_50
18.53033200300706,52,44,util_50
18.551188012002967,52,44,util_50
18.57195182099531,52,44,util_50
18.592663830000674,52,44,util_50
18.61341213900596,52,44,util_50
18.634314947994426,52,44,util_50
18.655185256997356,52,44,util_50
18.67602006600646,52,44,util_50
18.696745574998204,52,44,util_50
18.717672184007824,52,44,util_50
18.73873799300054,52,44,util_50
18.75991580200207,52,44,util_50
18.780874011004926,52,44,util_50
18.801719719995162,52,44,util_50
18.822522928996477,52,44,util_50
18.84335753900814,52,44,util_50
18.864147647997015,52,44,util_50
18.88503315699927,52,44,util_50
18.905875765995006,52,44,util_50
18.92665657500038,52,43,util_50
18.947606483998243,52,43,util_50
18.968424794002203,52,43,util_50
18.990140302994405,52,43,util_50
19.011650112995994,52,43,util_50
19.032442722003907,52,43,util_50
19.05331243100227,52,43,util_50
19.074058441008674,52,43,util_50
19.09484555000381,52,43,util_50
19.115786858994397,52,43,util_50
19.136488468997413,52,44,util_50
19.157509878001292,52,44,util_50
19.178999487994588,52,44,util_50
19.200203097003396,52,44,util_50
19.221326906001195,52,44,util_50
19.24226111600001,52,44,util_50
19.26305672500166,52,44,util_50
19.28382103399781,52,44,util_50
19.304607843994745,52,44,util_50
19.325446353002917,52,44,util_50
19.34678516200802,52,44,util_50
19.367796071994235,52,44,util_50
19.38864438100427,52,44,util_50
19.409517489999416,52,44,util_50
19.430322800006252,52,44,util_50
19.451229808997596,52,44,util_50
19.47217081800045,52,44,util_50
19.49290842699702,52,44,util_50
19.513664037003764,52,44,util_50
19.535277346003568,51,43,util_50
19.556168955998146,51,43,util_50
19.57720186500228,51,43,util_50
19.59820627400768,51,43,util_50
19.619962583994493,51,43,util_50
19.641426493995823,51,43,util_50
19.66249960300047,51,43,util_50
19.683458312007133,51,43,util_50
19.704381921997992,51,43,util_50
19.725153930994566,51,44,util_50
19.74597174000519,51,44,util_50
19.766610150007182,51,44,util_50
19.78750265900453,51,44,util_50
19.8083173680061,51,44,util_50
19.8291239770042,51,44,util_50
19.850004287000047,51,44,util_50
19.870848396007204,51,44,util_50
19.89163850499608,51,44,util_50
19.912260815006448,51,44,util_50
19.93296972400276,51,44,util_50
19.953701634003664,51,44,util_50
19.974486043007346,51,44,util_50
19.995331152997096,51,44,util_50
20.016083562004496,51,44,util_50
20.03683687200828,51,44,util_50
20.05786818100023,51,44,util_50
20.07908359100111,51,44,util_50
20.100140901005943,51,44,util_50
20.122466311004246,51,44,util_50
20.14332412100339,51,44,util_50
20.164294429996517,51,44,util_50
20.18504543999734,51,44,util_50
20.20585584899527,51,44,util_50
20.226587658995413,51,44,util_50
20.24741686800553,51,44,util_50
20.26826937800797,51,44,util_50
20.289174186997116,51,44,util_50
20.309953097006655,51,44,util_50
20.33060750599543,51,42,util_50
20.35133741599566,51,42,util_50
20.372117924998747,51,42,util_50
20.39292303500406,51,42,util_50
20.413753845001338,51,42,util_50
20.434560353998677,51,42,util_50
20.455392664007377,51,42,util_50
20.4769851739984,51,42,util_50
20.49815568300255,51,42,util_50
20.521348194000893,52,44,gap
20.543022704005125,52,44,gap
20.56496661399433,52,44,gap
20.586592524006846,52,44,gap
20.60744323300605,52,44,gap
20.628285042999778,52,44,gap
20.649164151996956,52,44,gap
20.66999666200718,52,44,gap
20.690795472008176,52,44,gap
20.71261028200388,52,44,gap
20.73422719100199,0,2,gap
20.755822000995977,0,2,gap
20.776724110997748,0,2,gap
20.798857221001526,0,2,gap
20.820718931005104,0,2,gap
20.841797740999027,0,2,gap
20.86260585000855,0,2,gap
20.883452060006675,0,2,gap
20.904347670002608,0,2,gap
20.925310578997596,0,2,gap
20.946991289994912,0,2,gap
20.967846198996995,0,2,gap
20.98873910900147,0,2,gap
21.0097545190074,0,2,gap
21.03063792899775,0,2,util_75
21.051467639001203,0,2,util_75
21.072307349008042,0,2,util_75
21.09315155800141,0,2,util_75
21.113853168004425,0,2,util_75
21.134618978001527,41,36,util_75
21.155438187997788,41,36,util_75
21.17620029799582,41,36,util_75
21.19726920699759,41,36,util_75
21.218511717001093,41,36,util_75
21.240132628008723,41,36,util_75
21.261209238000447,41,36,util_75
21.282513048005057,41,36,util_75
21.303409157000715,41,36,util_75
21.32473406700592,82,70,util_75
21.346236177996616,82,70,util_75
21.36701178700605,82,70,util_75
21.387760997007717,82,70,util_75
21.408578407004825,82,70,util_75
21.429307016995153,82,70,util_75
21.450161827000557,82,70,util_75
21.47099323599832,82,70,util_75
21.491774146008538,82,70,util_75
21.512593955994816,82,70,util_75
21.533638766006334,81,68,util_75
21.55474447600136,81,68,util_75
21.575618785995175,81,68,util_75
21.5966649960028,81,68,util_75
21.618100406005397,81,68,util_75
21.639522016004776,81,68,util_75
21.660789525994915,81,68,util_75
21.681593935994897,81,68,util_75
21.70258074499725,81,68,util_75
21.726367056995514,81,68,util_75
21.74758086699876,81,68,util_75
21.768387875999906,81,68,util_75
21.789554586008308,81,68,util_75
21.810396396002034,81,68,util_75
21.83118990600633,81,68,util_75
21.852533715995378,81,68,util_75
21.87374272600573,81,68,util_75
21.89456703599717,81,68,util_75
21.915373145995545,81,68,util_75
21.936525755998446,81,68,util_75
21.957919066000613,81,68,util_75
21.97898377700767,81,68,util_75
22.000133287001518,81,68,util_75
22.020886797006824,81,68,util_75
22.041747606999706,81,68,util_75
22.06246821700188,81,68,util_75
22.083215026999824,81,68,util_75
22.10399963699456,81,68,util_75
22.125110346998554,81,67,util_75
22.145750857001985,81,67,util_75
22.16642066699569,81,67,util_75
22.187218477003626,81,67,util_75
22.20789778699691,81,67,util_75
22.228753696996137,81,67,util_75
22.250171407999005,81,67,util_75
22.2715993180027,81,67,util_75
22.292986328000552,81,67,util_75
22.3149272390001,81,67,util_75
22.33652464899933,81,69,util_75
22.357877560003544,81,69,util_75
22.379025670001283,81,69,util_75
22.40015878000122,81,69,util_75
22.42089788999874,81,69,util_75
22.441929900000105,81,69,util_75
22.462858710001456,81,69,util_75
22.483888121001655,81,69,util_75
22.504768630999024,81,69,util_75
22.525596741004847,81,67,util_75
22.54638725100085,81,67,util_75
22.567153461001,81,67,util_75
22.588238270996953,81,67,util_75
22.60911108100845,81,67,util_75
22.629902091008262,81,67,util_75
22.650960001003114,81,67,util_75
22.67189291199611,81,67,util_75
22.69294252200052,81,67,util_75
22.713842832003138,81,67,util_75
22.73468044200854,81,68,util_75
22.756137652002508,81,68,util_75
22.77774386300007,81,68,util_75
22.79895437300729,81,68,util_75
22.820097882999107,81,68,util_75
22.841426693004905,81,68,util_75
22.862347304006107,81,68,util_75
22.883393914002227,81,68,util_75
22.904282424002304,81,68,util_75
22.925036433996866,80,67,util_75
22.945907344997977,80,67,util_75
22.966731955006253,80,67,util_75
22.987568465003278,80,67,util_75
23.008505575999152,80,67,util_75
23.029496586008463,80,67,util_75
23.050591296007042,80,67,util_75
23.07156740699429,80,67,util_75
23.092612916996586,80,67,util_75
23.11367832799442,80,67,util_75
23.13429923800868,81,67,util_75
23.155014147996553,81,67,util_75
23.17568985899561,81,67,util_75
23.196810669003753,81,67,util_75
23.217942079005297,81,67,util_75
23.239093090000097,81,67,util_75
23.260550300998148,81,67,util_75
23.281642910995288,81,67,util_75
23.3025687210029,81,67,util_75
23.323328131999006,82,69,util_75
23.344219142003567,82,69,util_75
23.365340253003524,82,69,util_75
23.386326663006912,82,69,util_75
23.407147272999282,82,69,util_75
23.42798828400555,82,69,util_75
23.44888219400309,82,69,util_75
23.46995460400649,82,69,util_75
23.490836315002525,82,69,util_75
23.511664125006064,82,69,util_75
23.532484834999195,82,68,util_75
23.55340504599735,82,68,util_75
23.574428156003705,82,68,util_75
23.595289267002954,82,68,util_75
23.616479777003406,82,68,util_75
23.6377853879967,82,68,util_75
23.65952049799671,82,68,util_75
23.680950409005163,82,68,util_75
23.702579520002473,82,68,util_75
23.72345772999688,81,68,util_75
23.74423674000718,81,68,util_75
23.766192050999962,81,68,util_75
23.787367562006693,81,68,util_75
23.808299372001784,81,68,util_75
23.82954498300387,81,68,util_75
23.85034399300639,81,68,util_75
23.87111060299503,81,68,util_75
23.892311414005235,81,68,util_75
23.91309312400699,81,68,util_75
23.93438113499724,80,67,util_75
23.95535064600699,80,67,util_75
23.976590856997063,80,67,util_75
23.99784106700099,80,67,util_75
24.01885487799882,80,67,util_75
24.039967689008336,80,67,util_75
24.060795598998084,80,67,util_75
24.0816551099997,80,67,util_75
24.102352019996033,80,67,util_75
24.123067231004825,81,68,util_75
24.14368884099531,81,68,util_75
24.164756951999152,81,68,util_75
24.18541416300286,81,68,util_75
24.206044673002907,81,68,util_75
24.22689358399657,81,68,util_75
24.24770739399537,81,68,util_75
24.2689895049989,81,68,util_75
24.289900616000523,81,68,util_75
24.311037727005896,81,68,util_75
24.332417737008655,81,67,util_75
24.353603648007265,81,67,util_75
24.374494559000595,81,67,util_75
24.395778670004802,81,67,util_75
24.41699718000018,81,67,util_75
24.438138990997686,81,67,util_75
24.459497602001647,81,67,util_75
24.4803865129943,81,67,util_75
24.50129452299734,81,67,util_75
24.5220548340003,81,68,util_75
24.54289074400731,81,68,util_75
24.56400715500058,81,68,util_75
24.584941966008046,81,68,util_75
24.605706076006754,81,68,util_75
24.626590986998053,81,68,util_75
24.647539598008734,81,68,util_75
24.668383208001615,81,68,util_75
24.689227419003146,81,68,util_75
24.710235628997907,81,68,util_75
24.73100873999647,81,67,util_75
24.751869750994956,81,67,util_75
24.77317966100236,81,67,util_75
24.79445367200242,81,67,util_75
24.815470183006255,81,67,util_75
24.836938394000754,81,67,util_75
24.85822400500183,81,67,util_75
24.8794455150055,81,67,util_75
24.900257725996198,81,67,util_75
24.921042236994253,81,69,util_75
24.941887748005684,81,69,util_75
24.963153258999228,81,69,util_75
24.98404646999552,81,69,util_75
25.004876279999735,81,69,util_75
25.025799691007705,81,69,util_75
25.04663100199832,81,69,util_75
25.067412413001875,81,69,util_75
25.08839032400283,81,69,util_75
25.109125035000034,81,69,util_75
25.12979634500516,81,68,util_75
25.150425656000152,81,68,util_75
25.171160967001924,81,68,util_75
25.19188327800657,81,68,util_75
25.212915088995942,81,68,util_75
25.234756200006814,81,68,util_75
25.256584912000108,81,68,util_75
25.277706823006156,81,68,util_75
25.298876034008572,81,68,util_75
25.323233046001405,81,67,util_75
25.344202956999652,81,67,util_75
25.365282768005272,81,67,util_75
25.386372378998203,81,67,util_75
25.407158889996936,81,67,util_75
25.42794930099626,81,67,util_75
25.448817412005155,81,67,util_75
25.46961902199837,81,67,util_75
25.49044523300836,81,67,util_75
25.511334244001773,81,67,util_75
25.53242435499851,81,69,util_75
25.553735466004582,81,69,util_75
25.575088376994245,81,69,util_75
25.596802689004107,81,69,util_75
25.618430999995326,81,69,util_75
25.63942601099552,81,69,util_75
25.66053622199979,81,69,util_75
25.681712833000347,81,69,util_75
25.702649244005443,81,69,util_75
25.723493754005176,82,69,util_75
25.744623164006043,82,69,util_75
25.765793673999724,82,69,util_75
25.786556683000526,82,69,util_75
25.807266692994745,82,69,util_75
25.828346702997806,82,69,util_75
25.849251813007868,82,69,util_75
25.870074521997594,82,69,util_75
25.890929932007566,82,69,util_75
25.91208354200353,82,69,util_75
25.932874852005625,82,69,util_75
25.95372776199656,82,69,util_75
25.974433270996087,82,69,util_75
25.995389981006156,82,69,util_75
26.01687569200294,82,69,util_75
26.037896402005572,82,69,util_75
26.059080512000946,82,69,util_75
26.0806759219995,82,69,util_75
26.101430331997108,82,69,util_75
26.122971842007246,82,72,util_75
26.143663951996132,82,72,util_75
26.164562461999594,82,72,util_75
26.18552507199638,82,72,util_75
26.20626908200211,82,72,util_75
26.226963991997764,82,72,util_75
26.24773550100508,82,72,util_75
26.268488211004296,82,72,util_75
26.289213921001647,82,72,util_75
26.31000123100239,82,72,util_75
26.330751941000926,81,71,util_75
26.35152605100302,81,71,util_75
26.372150561001035,81,71,util_75
26.393032470994513,81,71,util_75
26.41384408000158,81,71,util_75
26.43463409000833,81,71,util_75
26.455821700001252,81,71,util_75
26.477036010997836,81,71,util_75
26.498187621007673,81,71,util_75
26.51984243100742,82,70,util_75
26.540684241001145,82,70,util_75
26.561500851006713,82,70,util_75
26.58232406100433,82,70,util_75
26.603021470000385,82,70,util_75
26.62366667999595,82,70,util_75
26.64448648999678,82,70,util_75
26.665170000007492,82,70,util_75
26.685913609995623,82,70,util_75
26.707124820008175,82,70,util_75
26.72826073000033,81,67,util_75
26.749025240002084,81,67,util_75
26.770083650000743,81,67,util_75
26.790965260006487,81,67,util_75
26.81170967000071,81,67,util_75
26.832841180003015,81,67,util_75
26.853921090005315,81,67,util_75
26.87468199999421,81,67,util_75
26.895719510008348,81,67,util_75
26.919536020999658,80,67,util_75
26.94026633100293,80,67,util_75
26.961185542008025,80,67,util_75
26.981854052006383,80,67,util_75
27.002679062003153,80,67,util_75
27.023500572002376,80,67,util_75
27.044775282003684,80,67,util_75
27.065680293002515,80,67,util_75
27.086625302996254,80,67,util_75
27.1084810129978,80,67,util_75
27.129429424006958,80,67,util_75
27.150873133999994,80,67,util_75
27.171573843996157,80,67,util_75
27.192246853999677,80,67,util_75
27.21316166500037,80,67,util_75
27.233952074995614,80,67,util_75
27.25488268499612,80,67,util_75
27.27611399500165,80,67,util_75
27.297191806006595,80,67,util_75
27.319514816001174,81,69,util_75
27.340302127005998,81,69,util_75
27.361267137006507,81,69,util_75
27.382288446999155,81,69,util_75
27.40307085700624,81,69,util_75
27.42374596699665,81,69,util_75
27.444479376994423,81,69,util_75
27.465156788006425,81,69,util_75
27.48678999800177,81,69,util_75
27.507677707995754,81,69,util_75
27.528545918001328,80,66,util_75
27.54938062900328,80,66,util_75
27.570487639008206,80,66,util_75
27.59132334899914,80,66,util_75
27.61279025999829,80,66,util_75
27.633516169997165,80,66,util_75
27.65446227999928,80,66,util_75
27.675687290000496,80,66,util_75
27.6969520010025,80,66,util_75
27.71944521200203,81,68,util_75
27.740194422003697,81,68,util_75
27.761293632007437,81,68,util_75
27.78210864200082,81,68,util_75
27.80304545200488,81,68,util_75
27.823940863003372,81,68,util_75
27.844926873003715,81,68,util_75
27.865705983000225,81,68,util_75
27.886640593002085,81,68,util_75
27.907586304005235,81,68,util_75
27.92831811400538,80,68,util_75
27.94907282400527,80,68,util_75
27.9697064350039,80,68,util_75
27.990651945001446,80,68,util_75
28.011423454998294,80,68,util_75
28.032349866000004,80,68,util_75
28.053109875996597,80,68,util_75
28.07385398700717,80,68,util_75
28.094880296994234,80,68,util_75
28.119209808995947,81,69,util_75
28.14032911999675,81,69,util_75
28.161057329998584,81,69,util_75
28.18169434100855,81,69,util_75
28.20245045100455,81,69,util_75
28.22315906100266,81,69,util_75
28.243897371998173,81,69,util_75
28.26450718200067,81,69,util_75
28.285178392005037,81,69,util_75
28.305898902995978,81,69,util_75
28.326664413005346,82,68,util_75
28.347503223994863,82,68,util_75
28.3682455340022,82,68,util_75
28.38906914400286,82,68,util_75
28.409976555005414,82,68,util_75
28.430752665008185,82,68,util_75
28.451508875994477,82,68,util_75
28.472503386001335,82,68,util_75
28.493782496996573,82,68,util_75
28.515023207000922,82,68,util_75
28.536170217994368,82,69,util_75
28.557303929002956,82,69,util_75
28.57864283899835,82,69,util_75
28.600319150005816,82,69,util_75
28.621194460996776,82,69,util_75
28.64203597100277,82,69,util_75
28.66341368200665,82,69,util_75
28.68419949199597,82,69,util_75
28.705401402999996,82,69,util_75
28.72653871300281,82,70,util_75
28.7476883240015,82,70,util_75
28.76857533400471,82,70,util_75
28.789937145003933,82,70,util_75
28.810973455998464,82,70,util_75
28.831978665999486,82,70,util_75
28.852992476997315,82,70,util_75
28.873930087007466,82,70,util_75
28.895123198002693,82,70,util_75
28.91894310999487,81,67,util_75
28.94058982099523,81,67,util_75
28.96213063200412,81,67,util_75
28.983426043007057,81,67,util_75
29.00438835400564,81,67,util_75
29.02572676500131,81,67,util_75
29.04695507499855,81,67,util_75
29.068149586004438,81,67,util_75
29.088953697006218,81,67,util_75
29.109986007999396,81,67,util_75
29.131065118999686,81,69,util_75
29.151917429000605,81,69,util_75
29.172697839996545,81,69,util_75
29.19340235099662,81,69,util_75
29.214326761008124,81,69,util_75
29.235406671999954,81,69,util_75
29.256527482997626,81,69,util_75
29.277634793994366,81,69,util_75
29.298641205008607,81,69,util_75
29.319559315001243,81,68,util_75
29.340337525994983,81,68,util_75
29.36128893699788,81,68,util_75
29.382190646996605,81,68,util_75
29.40298755800177,81,68,util_75
29.42367606899643,81,68,util_75
29.44453967899608,81,68,util_75
29.46584769000765,81,68,util_75
29.4866370009986,81,68,util_75
29.507369112005108,81,68,util_75
29.52816682199773,80,66,util_75
29.548934132995782,80,66,util_75
29.570094944006996,80,66,util_75
29.591187254001852,80,66,util_75
29.612334164994536,80,66,util_75
29.63342397600354,80,66,util_75
29.654838486996596,80,66,util_75
29.67614849799429,80,66,util_75
29.69782190899423,80,66,util_75
29.718808120000176,81,69,util_75
29.73963163100416,81,69,util_75
29.760778740994283,81,69,util_75
29.78207105200272,81,69,util_75
29.803117162999115,81,69,util_75
29.82401357400522,81,69,util_75
29.844922685006168,81,69,util_75
29.86588869499974,81,69,util_75
29.886818405997474,81,69,util_75
29.90781861700816,81,69,util_75
29.929082028000266,81,68,util_75
29.950401238995255,81,68,util_75
29.971798350001336,81,68,util_75
29.992634360998636,81,68,util_75
30.01347727200482,81,68,util_75
30.034456182998838,81,68,util_75
30.05566439499671,81,68,util_75
30.07722290599486,81,68,util_75
30.098158716995385,81,68,util_75
30.11893482800224,80,67,util_75
30.139789638997172,80,67,util_75
30.160628650002764,80,67,util_75
30.181471560994396,80,67,util_75
30.20219677100249,80,67,util_75
30.222906982002314,80,67,util_75
30.24368839300587,80,67,util_75
30.26439850400493,80,67,util_75
30.285166415007552,80,67,util_75
30.305921025996213,80,67,util_75
30.32661453699984,81,68,util_75
30.34742974799883,81,68,util_75
30.368094258999918,81,68,util_75
30.38893936900422,81,68,util_75
30.409708480001427,81,68,util_75
30.43047429100261,81,68,util_75
30.451188202001504,81,68,util_75
30.472514213004615,81,68,util_75
30.49361602400313,81,68,util_75
30.514814435999142,81,68,util_75
30.536128847001237,81,68,util_75
30.557241957998485,81,68,util_75
30.57840876899718,81,68,util_75
30.5992343800026,81,68,util_75
30.620064991002437,81,68,util_75
30.640827502007596,81,68,util_75
30.662382413007435,81,68,util_75
30.683489023998845,81,68,util_75
30.704392635001568,81,68,util_75
30.725180445995647,81,67,util_75
30.746111957007088,81,67,util_75
30.767028568006936,81,67,util_75
30.787801479003974,81,67,util_75
30.808687990007456,81,67,util_75
30.829486201007967,81,67,util_75
30.850232212003903,81,67,util_75
30.870987722999416,81,67,util_75
30.89175753299787,81,67,util_75
30.912428344003274,81,67,util_75
30.933284555998398,82,70,util_75
30.954349267005455,82,70,util_75
30.975556678007706,82,70,util_75
30.996633190006833,82,70,util_75
31.017588700997294,82,70,util_75
31.038380911995773,82,70,gap
31.059220023002126,82,70,gap
31.08065353499842,82,70,gap
31.101490146000287,82,70,gap
31.1230273580004,49,44,gap
31.144662969003548,49,44,gap
31.166359980998095,49,44,gap
31.187444192008115,49,44,gap
31.208417803005432,49,44,gap
31.229104015001212,49,44,gap
31.24982132599689,49,44,gap
31.270483237007284,49,44,gap
31.291285348008387,49,44,gap
31.312092859006952,49,44,gap
31.33291607000865,0,3,gap
31.354073381997296,0,3,gap
31.37593839300098,0,3,gap
31.39700490499672,0,3,gap
31.41778381599579,0,3,gap
31.43855162699765,0,3,gap
31.459367938005016,0,3,gap
31.480263349003508,0,3,gap
31.501087761003873,0,3,gap
31.521778472000733,0,3,gap
31.54258388299786,0,3,util_100
31.563355694001075,0,3,util_100
31.58414310500666,0,3,util_100
31.604940015997272,0,3,util_100
31.625698328003637,0,3,util_100
31.646478538998053,0,3,util_100
31.66760415000317,0,3,util_100
31.688662161002867,0,3,util_100
31.709424472996034,0,3,util_100
31.730191384005593,100,87,util_100
31.751010595005937,100,87,util_100
31.77170450599806,100,87,util_100
31.79244181700051,100,87,util_100
31.8133341280045,100,87,util_100
31.834471540001687,100,87,util_100
31.85563695100427,100,87,util_100
31.87666096200701,100,87,util_100
31.89743917400483,100,87,util_100
31.91818908500136,100,99,util_100
31.938985796005,100,99,util_100
31.959856907997164,100,99,util_100
31.980739819002338,100,99,util_100
32.001487330999225,100,99,util_100
32.02219014200091,100,99,util_100
32.04292315299972,100,99,util_100
32.06368636499974,100,99,util_100
32.084429376001935,100,99,util_100
32.10516118799569,100,99,util_100
32.12590379899484,100,99,util_100
32.14664751000237,100,99,util_100
32.167331421995186,100,99,util_100
32.18811493300018,100,99,util_100
32.208915545008495,100,99,util_100
32.22961435599427,100,99,util_100
32.25033526700281,100,99,util_100
32.270991279001464,100,99,util_100
32.291749390002224,100,99,util_100
32.3125166020036,100,99,util_100
32.333317712997086,100,99,util_100
32.354384724996635,100,99,util_100
32.375404535996495,100,99,util_100
32.39658414799487,100,99,util_100
32.41745535899827,100,99,util_100
32.43844947099569,100,99,util_100
32.459239781994256,100,99,util_100
32.48002979399462,100,99,util_100
32.50084170499758,100,99,util_100
32.52152911599842,100,99,util_100
32.54225602799852,100,99,util_100
32.562933039007476,100,99,util_100
32.58376715099439,100,99,util_100
32.60450276199845,100,99,util_100
32.62521607300732,100,99,util_100
32.645873485002085,100,99,util_100
32.66651029599598,100,99,util_100
32.687251306997496,100,99,util_100
32.70801271899836,100,99,util_100
32.72886622999795,100,99,util_100
32.74975504200847,100,99,util_100
32.77051075300551,100,99,util_100
32.791272065005614,100,99,util_100
32.81206457600638,100,99,util_100
32.832801787008066,100,99,util_100
32.853851898995345,100,99,util_100
32.874938310997095,100,99,util_100
32.89603182200517,100,99,util_100
32.917766533995746,100,99,util_100
32.93853614600084,100,99,util_100
32.959347658004845,100,99,util_100
32.98011446899909,100,99,util_100
33.000899381004274,100,99,util_100
33.02165419299854,100,99,util_100
33.04251810400456,100,99,util_100
33.063245615994674,100,99,util_100
33.084016228007386,100,99,util_100
33.10477693899884,100,99,util_100
33.12557705100335,100,99,util_100
33.14636646299914,100,99,util_100
33.167095974000404,100,99,util_100
33.18780638600583,100,99,util_100
33.20856939800433,100,99,util_100
33.22932330900221,100,99,util_100
33.25010772100359,100,99,util_100
33.270896732996334,100,99,util_100
33.29168694400869,100,99,util_100
33.31243615600397,100,99,util_100
33.333377867995296,100,99,util_100
33.35463518000324,100,99,util_100
33.37562519199855,100,99,util_100
33.39668990300561,100,99,util_100
33.41745841500233,100,99,util_100
33.438250227001845,100,99,util_100
33.45906813800684,100,99,util_100
33.479833949997555,100,99,util_100
33.500549762000446,100,99,util_100
33.52127987300628,100,99,util_100
33.541996184998425,100,99,util_100
33.56271439700504,100,99,util_100
33.58338470800663,100,99,util_100
33.604145220000646,100,99,util_100
33.62484283100639,100,99,util_100
33.6456024430081,100,99,util_100
33.66637595499924,100,99,util_100
33.6871010659961,100,99,util_100
33.707821278003394,100,99,util_100
33.728553990004,100,99,util_100
33.749388601994724,100,99,util_100
33.77010571300343,100,99,util_100
33.79079692500818,100,99,util_100
33.81161673700262,100,99,util_100
33.832383048997144,100,99,util_100
33.85341216099914,100,99,util_100
33.87446357299632,100,99,util_100
33.89552838500822,100,99,util_100
33.917452698005945,100,99,util_100
33.93819031000021,100,99,util_100
33.958933222005726,100,99,util_100
33.97956263400556,100,99,util_100
34.00032464599644,100,99,util_100
34.021055357996374,100,99,util_100
34.04188326999429,100,99,util_100
34.06260128199938,100,99,util_100
34.08331849399838,100,99,util_100
34.104081907004,100,99,util_100
34.12488051899709,100,99,util_100
34.14567413099576,100,99,util_100
34.166387542994926,100,99,util_100
34.18710665500839,100,99,util_100
34.20793066700571,100,99,util_100
34.2286279789987,100,99,util_100
34.249333690997446,100,99,util_100
34.270053002997884,100,99,util_100
34.290804414995364,100,99,util_100
34.31154742700164,100,99,util_100
34.33232313999906,100,99,util_100
34.35337105199869,100,99,util_100
34.374428063994856,100,99,util_100
34.39545307599474,100,99,util_100
34.41638958899421,100,99,util_100
34.437115601002006,100,99,util_100
34.4578689129994,100,99,util_100
34.47870102500019,100,99,util_100
34.49961033700674,100,99,util_100
34.520307148995926,100,99,util_100
34.54115276099765,100,99,util_100
34.56197257300664,100,99,util_100
34.58301268599462,100,99,util_100
34.6037495979981,100,99,util_100
34.62459110999771,100,99,util_100
34.645405821996974,100,99,util_100
34.66615413399995,100,99,util_100
34.686982646002434,100,99,util_100
34.70782855800644,100,99,util_100
34.72856887099624,100,99,util_100
34.749435282996274,100,99,util_100
34.77027579500282,100,99,util_100
34.791092407002,100,99,util_100
34.81190231900837,100,99,util_100
34.8330643310037,100,99,util_100
34.85435084400524,100,99,util_100
34.87550615600776,100,99,util_100
34.896628468995914,100,99,util_100
34.91740758100059,100,99,util_100
34.93823319299554,100,99,util_100
34.959090806005406,100,99,util_100
34.97997171799943,100,99,util_100
35.00081913000031,100,99,util_100
35.02161464300298,100,99,util_100
35.04248095500225,100,99,util_100
35.06327686800796,100,99,util_100
35.08408328000223,100,99,util_100
35.104928892003954,100,99,util_100
35.12578210499487,100,99,util_100
35.146658516998286,100,99,util_100
35.16745823000383,100,99,util_100
35.188307042000815,100,99,util_100
35.20919065400085,100,99,util_100
35.22998486700817,100,99,util_100
35.25063947899616,100,99,util_100
35.27138879199629,100,99,util_100
35.29224420399987,100,99,util_100
35.31334111599426,100,99,util_100
35.33454722899478,100,99,util_100
35.35574184199504,100,99,util_100
35.3766111540026,100,99,util_100
35.39745026700257,100,99,util_100
35.41827577899676,100,99,util_100
35.43904189100431,100,99,util_100
35.460246404007194,100,99,util_100
35.481103116006125,100,99,util_100
35.50208312900213,100,99,util_100
35.52291664099903,100,99,util_100
35.543728354008636,100,99,util_100
35.56454326599487,100,99,util_100
35.585261578002246,100,99,util_100
35.60610999100027,100,99,util_100
35.62692110300122,100,99,util_100
35.647700015004375,100,99,util_100
35.66853322800307,100,99,util_100
35.68933403999836,100,99,util_100
35.71040325300419,100,99,util_100
35.73119796499668,100,99,util_100
35.752069477995974,100,99,util_100
35.773507990001235,100,99,util_100
35.79463030300394,100,99,util_100
35.81567271500535,100,99,util_100
35.83649652800523,100,99,util_100
35.85729123999772,100,99,util_100
35.87809595299768,100,99,util_100
35.898931964999065,100,99,util_100
35.91966347799462,100,99,util_100
35.94046298999456,100,99,util_100
35.96143020299496,100,99,util_100
35.98244591600087,100,99,util_100
36.003297628005384,100,99,util_100
36.02406774100382,100,99,util_100
36.04495785399922,100,99,util_100
36.06569796599797,100,99,util_100
36.08656247900217,100,99,util_100
36.107423092005774,100,99,util_100
36.12822580400098,100,99,util_100
36.14912341699528,100,99,util_100
36.169942430002266,100,99,util_100
36.19082684200839,100,99,util_100
36.211664454996935,100,99,util_100
36.2327643680037,100,99,util_100
36.25393358099973,100,99,util_100
36.27500899300503,100,99,util_100
36.29616120600258,100,99,util_100
36.316992919004406,100,99,util_100
36.33775963100197,100,99,util_100
36.35863624399644,100,99,util_100
36.37953835699591,100,99,util_100
36.40039356899797,100,99,util_100
36.42120738199446,100,99,util_100
36.44204459499451,100,99,util_100
36.46285440700012,100,99,util_100
36.48356331999821,100,99,util_100
36.50437653300469,100,99,util_100
36.52513414500572,100,99,util_100
36.54586535799899,100,99,util_100
36.56664637000358,100,99,util_100
36.587510583005496,100,99,util_100
36.60832299600588,100,99,util_100
36.629200007999316,100,99,util_100
36.650129721005214,100,99,util_100
36.67084973400051,100,99,util_100
36.691646446008235,100,99,util_100
36.71283115900587,100,99,util_100
36.73403967199556,100,99,util_100
36.755152184996405,100,99,util_100
36.77631559800648,100,99,util_100
36.79721271000744,100,99,util_100
36.818091523004114,100,99,util_100
36.83900323600392,100,99,util_100
36.86027284900774,100,99,util_100
36.88113616099872,100,99,util_100
36.90198507400055,100,99,util_100
36.92276258699712,100,99,util_100
36.943583600004786,100,99,util_100
36.96448291299748,100,99,util_100
36.98534722600016,100,99,util_100
37.00660183900618,100,99,util_100
37.02739845200267,100,99,util_100
37.04823916500027,100,99,util_100
37.06903327800683,100,99,util_100
37.08980638999492,100,99,util_100
37.11064150300808,100,99,util_100
37.13144601600652,100,99,util_100
37.1526822290034,100,99,util_100
37.1738881420024,100,99,util_100
37.1951039560081,100,99,util_100
37.21606086900283,100,99,util_100
37.23693608099711,100,99,util_100
37.2576634940051,100,99,util_100
37.27837700699456,100,99,util_100
37.29925942000409,100,99,util_100
37.319990133008105,100,99,util_100
37.34080494599766,100,99,util_100
37.361526159002096,100,99,util_100
37.38235867199546,100,99,util_100
37.40321348399448,100,99,util_100
37.4240367970051,100,99,util_100
37.44485041000007,100,99,util_100
37.4655372230045,100,99,util_100
37.48633893599617,100,99,util_100
37.50746324899956,100,99,util_100
37.53570776700508,100,99,util_100
37.55689878000703,100,99,util_100
37.57772339299845,100,99,util_100
37.5985772050044,100,99,util_100
37.619373918001656,100,99,util_100
37.64018023099925,100,99,util_100
37.66101474400784,100,99,util_100
37.681952857004944,100,99,util_100
37.702856169998995,100,99,util_100
37.723617083000136,100,99,util_100
37.74449239599926,100,99,util_100
37.76532350899652,100,99,util_100
37.786130221997155,100,99,util_100
37.806996334998985,100,99,util_100
37.82786954700714,100,99,util_100
37.84871946000203,100,99,util_100
37.86948117299471,100,99,util_100
37.890333486007876,100,99,util_100
37.911123398997006,100,99,util_100
37.9323356130044,100,99,util_100
37.953543326002546,100,99,util_100
37.97470983900712,100,99,util_100
37.99553555200691,100,99,util_100
38.0162855660019,100,99,util_100
38.037302779004676,100,99,util_100
38.05819249199703,100,99,util_100
38.078938605001895,100,99,util_100
38.09988711800543,100,99,util_100
38.1206743310031,100,99,util_100
38.14144774500164,100,99,util_100
38.16224775799492,100,99,util_100
38.183037071008584,100,99,util_100
38.20383238399518,100,99,util_100
38.224570796999615,100,99,util_100
38.24526731000515,100,99,util_100
38.26598702299816,100,99,util_100
38.28678473600303,100,99,util_100
38.30749114899663,100,99,util_100
38.32822456299618,100,99,util_100
38.349150075999205,100,99,util_100
38.369884989006096,100,99,util_100
38.39055900200037,100,99,util_100
38.41145701499772,100,99,util_100
38.4325958279951,100,99,util_100
38.4536975420051,100,99,util_100
38.474825555007556,100,99,util_100
38.49567336800101,100,99,util_100
38.51641208100773,100,99,util_100
38.53714649399626,100,99,util_100
38.5579018080025,100,99,util_100
38.57863892099704,100,99,util_100
38.599456034004106,100,99,util_100
38.62012504700397,100,99,util_100
38.64085085999977,100,99,util_100
38.661508072997094,100,99,util_100
38.68227598600788,100,99,util_100
38.70305409899447,100,99,util_100
38.72380951199739,100,99,util_100
38.74460312500014,100,99,util_100
38.76534973899834,100,99,util_100
38.78615905200422,100,99,util_100
38.80700666499615,100,99,util_100
38.82778587800567,100,99,util_100
38.848573791008675,100,99,util_100
38.8693112040055,100,99,util_100
38.89006131699716,100,99,util_100
38.910832630994264,100,99,util_100
38.931973644008394,100,99,util_100
38.9531868579943,100,99,util_100
38.97428947100707,100,99,util_100
38.995289384998614,100,99,util_100
39.0160453980061,100,99,util_100
39.03692501199839,100,99,util_100
39.05767172500782,100,99,util_100
39.07840973799466,100,99,util_100
39.09917485200276,100,99,util_100
39.11995316500543,100,99,util_100
39.140671077999286,100,99,util_100
39.16145389199664,100,99,util_100
39.18229540500033,100,99,util_100
39.20303131900437,100,99,util_100
39.22372043199721,100,99,util_100
39.244451445003506,100,99,util_100
39.2650843589945,100,99,util_100
39.28583837200131,100,99,util_100
39.306554684997536,100,99,util_100
39.32719939800154,100,99,util_100
39.34815501200501,100,99,util_100
39.36892282500048,100,99,util_100
39.389677138999104,100,99,util_100
39.410450651994324,100,99,util_100
39.431530966001446,100,99,util_100
39.45268937900255,100,99,util_100
39.47385359300824,100,99,util_100
39.49497390599572,100,99,util_100
39.51572501999908,100,99,util_100
39.53653463300725,100,99,util_100
39.55735014700622,100,99,util_100
39.57825135999883,100,99,util_100
39.599153372997534,100,99,util_100
39.61996498699591,100,99,util_100
39.64079119999951,100,99,util_100
39.66170961399621,100,99,util_100
39.68256022699643,100,99,util_100
39.70338554099726,100,99,util_100
39.724036254003295,100,99,util_100
39.74493086700386,100,99,util_100
39.765740381000796,100,99,util_100
39.786533794002025,100,99,util_100
39.807410007008,100,99,util_100
39.828239121008664,100,99,util_100
39.849083834007615,100,99,util_100
39.86998814799881,100,99,util_100
39.8908860609954,100,99,util_100
39.912066774995765,100,99,util_100
39.93324738899537,100,99,util_100
39.954357702998095,100,99,util_100
39.97524481599976,100,99,util_100
39.996094329995685,100,99,util_100
40.01691534400743,100,99,util_100
40.037725657006376,100,99,util_100
40.05851567100035,100,99,util_100
40.079278984994744,100,99,util_100
40.10012429799826,100,99,util_100
40.12094491200696,100,99,util_100
40.14174182599527,100,99,util_100
40.16251513900352,100,99,util_100
40.18332585299504,100,99,util_100
40.20417286599695,100,99,util_100
40.224993780007935,100,99,util_100
40.24584369400691,100,99,util_100
40.26657650699781,100,99,util_100
40.28731222100032,100,99,util_100
40.30806773500808,100,99,util_100
40.328745247999905,100,99,util_100
40.34953976199904,100,99,util_100
40.37032747500052,100,99,util_100
40.391352289007045,100,99,util_100
40.41233660299622,100,99,util_100
40.43343141699734,100,99,util_100
40.45460223099508,100,99,util_100
40.475405744000454,100,99,util_100
40.49626565800281,100,99,util_100
40.517060672005755,100,99,util_100
40.53784918499878,100,99,util_100
40.55875379900681,100,99,util_100
40.579515813005855,100,99,util_100
40.60033562600438,100,99,util_100
40.621174540006905,100,99,util_100
40.641948753007455,100,99,util_100
40.662720567008364,100,99,util_100
40.68365308099601,100,99,util_100
40.70448999400833,100,99,util_100
40.72533530800138,100,99,util_100
40.74609172200144,100,99,util_100
40.76686373499979,100,99,util_100
40.787629548998666,100,99,util_100
40.80867496300198,100,99,util_100
40.82940767600667,100,99,util_100
40.850240790008684,100,99,util_100
40.871562104002805,100,99,util_100
40.89282131800428,100,99,util_100
40.915370033006184,100,99,util_100
40.93625354699907,100,99,util_100
40.95714386100008,100,99,util_100
40.977956375005306,100,99,util_100
40.99876358899928,100,99,util_100
41.01953190199856,100,99,util_100
41.0403749160032,100,99,util_100
41.06114343000809,100,99,util_100
41.081962644006126,100,99,util_100
41.10281725799723,100,99,util_100
41.12354837200837,100,99,util_100
41.144381385995075,100,99,util_100
41.16509270000097,100,99,util_100
41.185923013006686,100,99,util_100
41.206743026996264,100,99,util_100
41.22749104100512,100,99,util_100
41.24818995500391,100,99,util_100
41.26888386900828,100,99,util_100
41.28954778300249,100,99,util_100
41.310424597002566,100,99,util_100
41.33143591100816,100,99,util_100
41.35265042500396,100,99,util_100
41.37364563900337,100,99,util_100
41.39453765300277,100,99,util_100
41.41522576700663,100,99,util_100
41.43602298000769,100,99,util_100
41.45664669400139,100,99,util_100
41.47736230799637,100,99,util_100
41.498235922001186,100,99,util_100
41.51896973600378,100,99,util_100
41.539757350008585,100,99,util_100
41.56077106400335,100,99,gap
41.58157237799605,100,99,gap
41.603089992000605,100,99,gap
41.6246578059945,100,99,gap
41.64596652099863,100,99,gap
41.66715373500483,100,99,gap
41.688482648998615,100,99,gap
41.70918436300417,100,99,gap
41.73003857700678,23,20,gap
41.75180358000216,23,20,gap
41.7730286760052,23,20,gap
41.79405647200474,23,20,gap
41.81482436800434,23,20,gap
41.83560066399514,23,20,gap
41.856361159996595,23,20,gap
41.877207855999586,23,20,gap
41.89869515200553,23,20,gap
41.92025024800387,0,2,gap
41.94185154499428,0,2,gap
41.962749041005736,0,2,gap
41.984211636998225,0,2,gap
42.00533073299448,0,2,gap
42.026594929004204,0,2,gap
42.04745982600434,0,2,gap
